startupId,startupName,referenceURLs,candidateURLs,officialWebsite,status,searchQueries,emails,phones,linkedin,pagesChecked,notes
6a4a3e39e4b0359e44e3b2c8,INVENTA VENTURES LLP,"https://find-and-update.company-information.service.gov.uk/company/OC375546 | https://www.filesure.in/company/inventa-ventures-llp/ACU-0652?tab=about | https://www.companieslist.co.uk/OC375546-inventa-ventures-llp | https://www.northdata.com/Inventa Ventures LLP, London/Companies House OC375546","https://www.filesure.in/company/inventa-ventures-llp/ACU-0652?tab=about | https://find-and-update.company-information.service.gov.uk/company/OC375546 | https://www.companieslist.co.uk/OC375546-inventa-ventures-llp | https://www.northdata.com/Inventa Ventures LLP, London/Companies House OC375546",https://find-and-update.company-information.service.gov.uk/company/OC375546,OFFICIAL_WEBSITE_FOUND,"""INVENTA VENTURES LLP"" ""official website"" | ""INVENTA VENTURES LLP"" website | ""INVENTA VENTURES LLP"" Nagpur website | ""INVENTA VENTURES LLP"" Maharashtra website | ""INVENTA VENTURES LLP"" contact | ""INVENTA VENTURES LLP"" ""www."" | ""INVENTA VENTURES LLP"" ""https://""",,,,1,Website found through targeted web search
69e5f326e4b0e7f6cc6092f5,COHR TALENT MANAGEMENT PRIVATE LIMITED,https://qorpiq.com/company/cohr-talent-management-private-limited/U78200MH2025PTC451003 | https://www.filesure.in/company/cohr-talent-management-private-limited/U78200MH2025PTC451003?tab=about | https://compfilings.com/company/COHR-TALENT-MANAGEMENT-PRIVATE-LIMITED-U78200MH2025PTC451003 | https://www.mastersindia.co/mca-company-detail/?cname=COHR-TALENT-MANAGEMENT-PRIVATE-LIMITED/U78200MH2025PTC451003 | https://paperli.ai/company/cohr-talent-management-private-limited-U78200MH2025PTC451003 | https://www.filesure.in/director/pooja-gopal-thakur/11165179,https://qorpiq.com/company/cohr-talent-management-private-limited/U78200MH2025PTC451003 | https://compfilings.com/company/COHR-TALENT-MANAGEMENT-PRIVATE-LIMITED-U78200MH2025PTC451003 | https://www.filesure.in/company/cohr-talent-management-private-limited/U78200MH2025PTC451003?tab=about | https://www.mastersindia.co/mca-company-detail/?cname=COHR-TALENT-MANAGEMENT-PRIVATE-LIMITED/U78200MH2025PTC451003 | https://paperli.ai/company/cohr-talent-management-private-limited-U78200MH2025PTC451003,https://qorpiq.com/company/cohr-talent-management-private-limited/U78200MH2025PTC451003,OFFICIAL_WEBSITE_FOUND,"""COHR TALENT MANAGEMENT PRIVATE LIMITED"" ""official website"" | ""COHR TALENT MANAGEMENT PRIVATE LIMITED"" website | ""COHR TALENT MANAGEMENT PRIVATE LIMITED"" Nagpur website | ""COHR TALENT MANAGEMENT PRIVATE LIMITED"" Maharashtra website | ""COHR TALENT MANAGEMENT PRIVATE LIMITED"" contact | ""COHR TALENT MANAGEMENT PRIVATE LIMITED"" ""www."" | ""COHR TALENT MANAGEMENT PRIVATE LIMITED"" ""https://""","contact@qorpiq.com, team@qorpiq.com","+916305014334, 7817915094, 8522410820, 9163050143",,3,Website found through targeted web search
6811eb27e4b0611108b3f391,MUDITAA INFOSOFT LLP,https://qorpiq.com/company/muditaa-infosoft-llp/ACC-2122 | https://www.dnb.com/business-directory/company-profiles.muditaa_infosoft_llp.513dfe96ad3eced17a1f2f37e26c017b.html | https://www.companydetails.in/company/muditaa-infosoft-llp | https://mycorporateinfo.com/business-llp/muditaa-infosoft-llp | https://www.masterdata.in/company/muditaa_infosoft_llp/ACC-2122 | https://www.knowyourgst.com/gst-number-search/muditaa-infosoft-llp-27ABXFM8864A1ZN/ | https://obhau.in/contact-us/ | https://mycorporateinfo.com/director-llp/aarti-shrikant-bhangdiya-3407301,https://qorpiq.com/company/muditaa-infosoft-llp/ACC-2122 | https://mycorporateinfo.com/business-llp/muditaa-infosoft-llp | https://obhau.in/contact-us/ | https://mycorporateinfo.com/director-llp/aarti-shrikant-bhangdiya-3407301,https://qorpiq.com/company/muditaa-infosoft-llp/ACC-2122,OFFICIAL_WEBSITE_FOUND,"""MUDITAA INFOSOFT LLP"" ""official website"" | ""MUDITAA INFOSOFT LLP"" website | ""MUDITAA INFOSOFT LLP"" Nagpur website | ""MUDITAA INFOSOFT LLP"" Maharashtra website | ""MUDITAA INFOSOFT LLP"" contact | ""MUDITAA INFOSOFT LLP"" ""www."" | ""MUDITAA INFOSOFT LLP"" ""https://""","contact@qorpiq.com, team@qorpiq.com","+916305014334, 7817915094, 8522410820, 9163050143",,3,Website found through targeted web search
677bb3cbe4b0f84ff2b64b51,AMRIT OXIDANE PRIVATE LIMITED,https://buysellprivatelimited.com/company/amrit-oxidane-private-limited/U33122MH2024PTC421552 | https://www.instafinancials.com/company/amrit-oxidane-private-limited-U33122MH2024PTC421552 | https://www.companydetails.in/company/amrit-oxidane-private-limited | https://www.indiafilings.com/search/amrit-oxidane-private-limited-cin-U33122MH2024PTC421552 | https://www.dnb.com/business-directory/company-profiles.amrit_oxidane_private_limited.79730baae87610d10244939bd15b5e7b.html | https://www.filesure.in/company/amrit-oxidane-private-limited/U33122MH2024PTC421552?tab=about | https://company.vakilsearch.com/amrit-oxidane-private-limited/U33122MH2024PTC421552,https://buysellprivatelimited.com/company/amrit-oxidane-private-limited/U33122MH2024PTC421552 | https://www.filesure.in/company/amrit-oxidane-private-limited/U33122MH2024PTC421552?tab=about | https://company.vakilsearch.com/amrit-oxidane-private-limited/U33122MH2024PTC421552,https://buysellprivatelimited.com/company/amrit-oxidane-private-limited/U33122MH2024PTC421552,OFFICIAL_WEBSITE_FOUND,"""AMRIT OXIDANE PRIVATE LIMITED"" ""official website"" | ""AMRIT OXIDANE PRIVATE LIMITED"" website | ""AMRIT OXIDANE PRIVATE LIMITED"" Nagpur website | ""AMRIT OXIDANE PRIVATE LIMITED"" Maharashtra website | ""AMRIT OXIDANE PRIVATE LIMITED"" contact | ""AMRIT OXIDANE PRIVATE LIMITED"" ""www."" | ""AMRIT OXIDANE PRIVATE LIMITED"" ""https://""",support@buysellprivatelimited.com,"+91-8233844833, +918233844833, 7092775308, 7870475903, 7870475905, 7870475919, 7870475920, 7932516092, 7953391353, 8054671113, 8801075065, 9182338448, 9253466555, 9507784840",,2,Website found through targeted web search
66c04d84e4b0eebff778f4db,BIOCARE KMK PRIVATE LIMITED,https://biocarekmk.com/about-us/ | https://www.indiafilings.com/search/biocare-kmk-private-limited-cin-U46209MH2024PTC428619 | https://www.companydetails.in/company/biocare-kmk-private-limited | https://corpintel.io/BIOCARE-KMK-PRIVATE-LIMITED-U46209MH2024PTC428619 | https://qorpiq.com/company/biocare-kmk-private-limited/U46209MH2024PTC428619 | https://www.allindiaitr.com/company/biocare-kmk-private-limited/U46209MH2024PTC428619 | https://masterdata.in/company/biocare_kmk_private_limited/U46209MH2024PTC428619,https://biocarekmk.com/about-us/ | https://corpintel.io/BIOCARE-KMK-PRIVATE-LIMITED-U46209MH2024PTC428619 | https://company.vakilsearch.com/biocare-kmk-private-limited/U46209MH2024PTC428619 | https://qorpiq.com/company/biocare-kmk-private-limited/U46209MH2024PTC428619,https://biocarekmk.com/about-us/,OFFICIAL_WEBSITE_FOUND,"""BIOCARE KMK PRIVATE LIMITED"" ""official website"" | ""BIOCARE KMK PRIVATE LIMITED"" website | ""BIOCARE KMK PRIVATE LIMITED"" Nagpur website | ""BIOCARE KMK PRIVATE LIMITED"" Maharashtra website | ""BIOCARE KMK PRIVATE LIMITED"" contact | ""BIOCARE KMK PRIVATE LIMITED"" ""www."" | ""BIOCARE KMK PRIVATE LIMITED"" ""https://""",info@biocarekmk.com,"+91 7822956561, 6078431372, 7429926042, 7496969728, 7870476202, 7870476218, 7870476233, 7870476249, 8275322323, 8319193737, 8719896511, 9019607843, 9407444273, 9420850842, 9588620807, 9638480958, 9820594232, 9822325299, 9926447224, 9926498645, 9981033393","https://www.linkedin.com/in/amit-gondse-aa439a361/%20, https://www.linkedin.com/in/nandkishor-gharjare-3232178a/%20",4,Website found through targeted web search
667d7c32e4b095452164ffce,TAPI TECHNOSERVES PRIVATE LIMITED,https://www.instafinancials.com/company/tapi-technoserves-private-limited-U72900MH2022PTC395763 | https://www.companydetails.in/company/tapi-technoserves-private-limited | https://www.indiafilings.com/search/tapi-technoserves-private-limited-cin-U72900MH2022PTC395763 | https://companies.dubleu.co/company/tapi-technoserves-private-limited-U72900MH2022PTC395763 | https://corpintel.io/TAPI-TECHNOSERVES-PRIVATE-LIMITED-U72900MH2022PTC395763 | https://www.companyseekers.com/company/tapi-technoserves-private-limited/U72900MH2022PTC395763 | https://www.filesure.in/company/tapi-technoserves-private-limited/U72900MH2022PTC395763?tab=about | https://mycorporateinfo.com/director/sarang-sunil-pathrabe-9832537,https://companies.dubleu.co/company/tapi-technoserves-private-limited-U72900MH2022PTC395763 | https://corpintel.io/TAPI-TECHNOSERVES-PRIVATE-LIMITED-U72900MH2022PTC395763 | https://infomint.co.in/companies/tapi-technoserves-private-limited/U72900MH2022PTC395763/roc-mumbai/maharashtra/ | https://mycorporateinfo.com/director/sarang-sunil-pathrabe-9832537,https://companies.dubleu.co/company/tapi-technoserves-private-limited-U72900MH2022PTC395763,OFFICIAL_WEBSITE_FOUND,"""TAPI TECHNOSERVES PRIVATE LIMITED"" ""official website"" | ""TAPI TECHNOSERVES PRIVATE LIMITED"" website | ""TAPI TECHNOSERVES PRIVATE LIMITED"" Nagpur website | ""TAPI TECHNOSERVES PRIVATE LIMITED"" Maharashtra website | ""TAPI TECHNOSERVES PRIVATE LIMITED"" contact | ""TAPI TECHNOSERVES PRIVATE LIMITED"" ""www."" | ""TAPI TECHNOSERVES PRIVATE LIMITED"" ""https://""",,"7817915094, 9183399848",,1,Website found through targeted web search
66221248e4b0cdd2e3dab3e5,PROLANCE FUTURE PRIVATE LIMITED,https://www.companydetails.in/company/prolance-future-private-limited | https://findocorp.com/company/U73200MH2024PTC423350/prolance-future-private-limited | https://www.indiafilings.com/search/prolance-future-private-limited-cin-U73200MH2024PTC423350 | https://www.allindiaitr.com/company/prolance-future-private-limited/U73200MH2024PTC423350 | https://cin.iadv.io/PROLANCE-FUTURE-PRIVATE-LIMITED-U73200MH2024PTC423350/ | https://www.instafinancials.com/company/prolance-future-private-limited-U73200MH2024PTC423350/company-overview | https://corpintel.io/PROLANCE-FUTURE-PRIVATE-LIMITED-U73200MH2024PTC423350,https://findocorp.com/company/U73200MH2024PTC423350/prolance-future-private-limited | https://www.allindiaitr.com/company/prolance-future-private-limited/U73200MH2024PTC423350 | https://cin.iadv.io/PROLANCE-FUTURE-PRIVATE-LIMITED-U73200MH2024PTC423350/ | https://corpintel.io/PROLANCE-FUTURE-PRIVATE-LIMITED-U73200MH2024PTC423350,https://findocorp.com/company/U73200MH2024PTC423350/prolance-future-private-limited,OFFICIAL_WEBSITE_FOUND,"""PROLANCE FUTURE PRIVATE LIMITED"" ""official website"" | ""PROLANCE FUTURE PRIVATE LIMITED"" website | ""PROLANCE FUTURE PRIVATE LIMITED"" Nagpur website | ""PROLANCE FUTURE PRIVATE LIMITED"" Maharashtra website | ""PROLANCE FUTURE PRIVATE LIMITED"" contact | ""PROLANCE FUTURE PRIVATE LIMITED"" ""www."" | ""PROLANCE FUTURE PRIVATE LIMITED"" ""https://""",support@findocorp.com,7817915094,,4,Website found through targeted web search
65cb6ce2e4b0da2d942484d0,ENERGY SETU LLP,https://www.dnb.com/business-directory/company-profiles.energy_setu_llp.7acb4701e8193ab2951327bf8dd5e481.html | https://www.companydetails.in/company/energy-setu-llp | https://gstverify.co.in/gst/energy-setu-llp-27aaife9967e1zy/ | https://www.ezzus.com/biz/energy-setu-llp/AAX-1190 | https://tenderkart.in/gst-number-search/27AAIFE9967E1ZY | https://www.quickcompany.in/company/energy-setu-llp,https://www.quickcompany.in/company/energy-setu-llp | https://www.ezzus.com/biz/energy-setu-llp/AAX-1190 | https://gstverify.co.in/gst/energy-setu-llp-27aaife9967e1zy/,https://www.quickcompany.in/company/energy-setu-llp,OFFICIAL_WEBSITE_FOUND,"""ENERGY SETU LLP"" ""official website"" | ""ENERGY SETU LLP"" website | ""ENERGY SETU LLP"" Nagpur website | ""ENERGY SETU LLP"" Maharashtra website | ""ENERGY SETU LLP"" contact | ""ENERGY SETU LLP"" ""www."" | ""ENERGY SETU LLP"" ""https://""",info@quickcompany.in,"7642702147, 7870477314, 7991601785, 9187000991",https://www.linkedin.com/company/10369620/,3,Website found through targeted web search
659fa0cfe4b07df9a32e2f22,TANWISH INSTITUTE OF HEALTH & WELLNESS PRIVATE LIMITED,https://www.companydetails.in/company/tanwish-institute-of-health-and-wellness-private-limited | https://www.dnb.com/business-directory/company-profiles.tanwish_institute_of_health__wellness_private_limited.d041fba366a974dcd29a6ff72896ecff.html | https://company.vakilsearch.com/tanwi-institute-health-wellness-private-limited/U85499MH2023PTC403144 | https://corpintel.io/TANWISH-INSTITUTE-OF-HEALTH-WELLNESS-PRIVATE-LIMITED-U85499MH2023PTC403144 | https://www.globalbizreport.com/TANWISH-INSTITUTE-OF-HEALTH-&-WELLNESS-PRIVATE-LIMITED/U85499MH2023PTC403144/india/maharashtra/company-business-financial-credit-report | https://mycorporateinfo.com/business/tanwish-institute-of-health-wellness-private-limited | https://mycorporateinfo.com/director/abhijeet-dilip-bondre-10167756,https://mycorporateinfo.com/business/tanwish-institute-of-health-wellness-private-limited | https://company.vakilsearch.com/tanwi-institute-health-wellness-private-limited/U85499MH2023PTC403144 | https://corpintel.io/TANWISH-INSTITUTE-OF-HEALTH-WELLNESS-PRIVATE-LIMITED-U85499MH2023PTC403144 | https://mycorporateinfo.com/director/abhijeet-dilip-bondre-10167756,https://mycorporateinfo.com/business/tanwish-institute-of-health-wellness-private-limited,OFFICIAL_WEBSITE_FOUND,"""TANWISH INSTITUTE OF HEALTH & WELLNESS PRIVATE LIMITED"" ""official website"" | ""TANWISH INSTITUTE OF HEALTH & WELLNESS PRIVATE LIMITED"" website | ""TANWISH INSTITUTE OF HEALTH & WELLNESS PRIVATE LIMITED"" Nagpur website | ""TANWISH INSTITUTE OF HEALTH & WELLNESS PRIVATE LIMITED"" Maharashtra website | ""TANWISH INSTITUTE OF HEALTH & WELLNESS PRIVATE LIMITED"" contact | ""TANWISH INSTITUTE OF HEALTH & WELLNESS PRIVATE LIMITED"" ""www."" | ""TANWISH INSTITUTE OF HEALTH & WELLNESS PRIVATE LIMITED"" ""https://""","john@company.com, name@company.com, support@mycorporateinfo.com, tanwish.life@gmail.com",,https://linkedin.com/company/mycorporateinfo,3,Website found through targeted web search
649ebdd2e4b0a5524e7bb5b5,SHREE LAXMI PHARMA,https://www.maharashtradirectory.com/companyinfo/shree-laxmi-pharma-pune-169089.html | https://www.dnb.com/business-directory/company-profiles.shree_laxmi_pharma.634b370c9d03aa8806dcdc5307039f02.html | https://gstverify.co.in/gst/shree-laxmi-pharma-27aftpb8369k1zo/ | https://yellowpages.webindia123.com/d-t/Maharashtra/Pune/Shree-Laxmi-Pharma/45579/ | https://www.knowyourgst.com/gst-number-search/shree-laxmi-pharma-27BBPPK5365P1ZQ/ | https://www.dial4trade.com/shree-laxmi-pharma/contact-us.htm | https://aeroleads.com/c/surybhan,https://www.dial4trade.com/shree-laxmi-pharma/contact-us.htm | https://yellowpages.webindia123.com/d-t/Maharashtra/Pune/Shree-Laxmi-Pharma/45579/,https://www.dial4trade.com/shree-laxmi-pharma/contact-us.htm,OFFICIAL_WEBSITE_FOUND,"""SHREE LAXMI PHARMA"" ""official website"" | ""SHREE LAXMI PHARMA"" website | ""SHREE LAXMI PHARMA"" Nagpur website | ""SHREE LAXMI PHARMA"" Maharashtra website | ""SHREE LAXMI PHARMA"" contact | ""SHREE LAXMI PHARMA"" ""www."" | ""SHREE LAXMI PHARMA"" ""https://""",,8091352509,,4,Website found through targeted web search
64784dd1e4b0d597a031e6ec,DYSMECH COMPETENCY SERVICES PRIVATE LIMITED,https://economictimes.indiatimes.com/company/dysmech-competency-services-private-limited/U74999MH2017PTC295875 | https://qorpiq.com/company/dysmech-competency-services-private-limited/U74999MH2017PTC295875 | https://www.companydetails.in/company/dysmech-competency-services-private-limited | https://www.indiafilings.com/search/dysmech-competency-services-private-limited-cin-U74999MH2017PTC295875 | https://www.instafinancials.com/company/dysmech-competency-services-private-limited-U74999MH2017PTC295875 | https://www.instafinancials.com/company/dysmech-competency-services-private-limited/U74999MH2017PTC295875 | https://info.edgeinsights.in/company/Dysmech-Competency-Services-Private-Limited/376473 | https://deepenrich.com/company/e320/dysmech-competency-services-0011sgzv4 | https://mycorporateinfo.com/business/dysmech-competency-services-private-limited | https://www.instafinancials.com/company/dysmech-competency-services-private-limited-U74999MH2017PTC295875/company-overview,https://deepenrich.com/company/e320/dysmech-competency-services-0011sgzv4 | https://info.edgeinsights.in/company/Dysmech-Competency-Services-Private-Limited/376473 | https://mycorporateinfo.com/business/dysmech-competency-services-private-limited | https://www.infyner.com/company/dysmech-competency-services-private-limited/U74999MH2017PTC295875,https://deepenrich.com/company/e320/dysmech-competency-services-0011sgzv4,OFFICIAL_WEBSITE_FOUND,"""DYSMECH COMPETENCY SERVICES PRIVATE LIMITED"" ""official website"" | ""DYSMECH COMPETENCY SERVICES PRIVATE LIMITED"" website | ""DYSMECH COMPETENCY SERVICES PRIVATE LIMITED"" Nagpur website | ""DYSMECH COMPETENCY SERVICES PRIVATE LIMITED"" Maharashtra website | ""DYSMECH COMPETENCY SERVICES PRIVATE LIMITED"" contact | ""DYSMECH COMPETENCY SERVICES PRIVATE LIMITED"" ""www."" | ""DYSMECH COMPETENCY SERVICES PRIVATE LIMITED"" ""https://""",support@deepenrich.com,"+919783105333, 7047999731, 7525810678, 7817915094, 7870478766, 8921935725, 9160924674, 9219357252, 9219364538",https://www.linkedin.com/company/sarv-com,4,Website found through targeted web search
63ff28bbe4b07770d05f14ce,URECRUIT PRIVATE LIMITED,https://www.companydetails.in/company/urecruit-private-limited | https://www.dnb.com/business-directory/company-profiles.urecruit_private_limited.a24b525f26835b5f983cdf4972fec6df.html | https://www.filesure.in/company/urecruit-private-limited/U80904MH2022PTC384347?tab=about | https://www.instafinancials.com/company/urecruit-private-limited-U80904MH2022PTC384347 | https://www.globalbizreport.com/URECRUIT-PRIVATE-LIMITED/U80904MH2022PTC384347/india/maharashtra/company-business-financial-credit-report | https://www.quickcompany.in/company/urecruit-private-limited,https://www.filesure.in/company/urecruit-private-limited/U80904MH2022PTC384347?tab=about | https://www.quickcompany.in/company/urecruit-private-limited | https://www.workindia.in/jobs/driver-nandanvan-nagpur-4461840/ | https://www.workindia.in/jobs/hr_recruiter-ganeshpeth_colony-nagpur-2973368/ | https://www.globalbizreport.com/URECRUIT-PRIVATE-LIMITED/U80904MH2022PTC384347/india/maharashtra/company-business-financial-credit-report,,NO_OFFICIAL_WEBSITE_FOUND,"""URECRUIT PRIVATE LIMITED"" ""official website"" | ""URECRUIT PRIVATE LIMITED"" website | ""URECRUIT PRIVATE LIMITED"" Nagpur website | ""URECRUIT PRIVATE LIMITED"" Maharashtra website | ""URECRUIT PRIVATE LIMITED"" contact | ""URECRUIT PRIVATE LIMITED"" ""www."" | ""URECRUIT PRIVATE LIMITED"" ""https://""",,,,0,Search completed but no official website could be confidently verified
62a30160e4b0520246bf7176,Flying Hippo Media Private Limited,https://www.indiafilings.com/search/flying-hippo-media-private-limited-cin-U74999MH2020PTC344338 | https://www.dnb.com/business-directory/company-profiles.flying_hippo_media_private_limited.b3ff405a33352cd5ce6ff6c21ccfd089.html | https://www.instafinancials.com/company/flying-hippo-media-private-limited-U74999MH2020PTC344338/index.html | https://opencorporates.com/companies/in/U74999MH2020PTC344338 | https://yappe.in/maharashtra/nagpur/flying-hippo-media-private-limited/1702256 | https://www.knowyourgst.com/gst-number-search/flying-hippo-media-private-limited-27AAECF2003P1ZN/,https://yappe.in/maharashtra/nagpur/flying-hippo-media-private-limited/1702256 | https://opencorporates.com/companies/in/U74999MH2020PTC344338,https://yappe.in/maharashtra/nagpur/flying-hippo-media-private-limited/1702256,OFFICIAL_WEBSITE_FOUND,"""Flying Hippo Media Private Limited"" ""official website"" | ""Flying Hippo Media Private Limited"" website | ""Flying Hippo Media Private Limited"" Nagpur website | ""Flying Hippo Media Private Limited"" Maharashtra website | ""Flying Hippo Media Private Limited"" contact | ""Flying Hippo Media Private Limited"" ""www."" | ""Flying Hippo Media Private Limited"" ""https://""",,"7700200909, 7817915094, 7870480532, 7870480544, 8234875739, 8353162327, 8975283668, 9720045895",,2,Website found through targeted web search
6200bc0ae4b0e4f8d26130c0,DUSKLINE INFRASTRUCTURES PRIVATE LIMITED,https://www.dnb.com/business-directory/company-profiles.duskline_infrastructures_private_limited.2d0ff031771ab7bf9205f4369ece7b2d.html | https://www.emis.com/php/company-profile/IN/Duskline_Infrastructures_Private_Limited_en_6795711.html | https://www.filesure.in/company/duskline-infrastructures-private-limited/U74999MH2015PTC263532?tab=about | https://indiatradezone.com/company/729281-duskline-infrastructures-private-limited | https://info.edgeinsights.in/company/Duskline-Infrastructures-Private-Limited/184532 | https://connect2india.com/DUSKLINE-INFRASTRUCTURES-PRIVATE-LIMITED/1447345/contact-details,https://info.edgeinsights.in/company/Duskline-Infrastructures-Private-Limited/184532 | https://indiatradezone.com/company/729281-duskline-infrastructures-private-limited | https://connect2india.com/DUSKLINE-INFRASTRUCTURES-PRIVATE-LIMITED/1447345/contact-details,https://info.edgeinsights.in/company/Duskline-Infrastructures-Private-Limited/184532,OFFICIAL_WEBSITE_FOUND,"""DUSKLINE INFRASTRUCTURES PRIVATE LIMITED"" ""official website"" | ""DUSKLINE INFRASTRUCTURES PRIVATE LIMITED"" website | ""DUSKLINE INFRASTRUCTURES PRIVATE LIMITED"" Nagpur website | ""DUSKLINE INFRASTRUCTURES PRIVATE LIMITED"" Maharashtra website | ""DUSKLINE INFRASTRUCTURES PRIVATE LIMITED"" contact | ""DUSKLINE INFRASTRUCTURES PRIVATE LIMITED"" ""www."" | ""DUSKLINE INFRASTRUCTURES PRIVATE LIMITED"" ""https://""",info@edgeinsights.in,"6166889970, 8321818279, 8365360618, 9036101181, 9112445742",https://www.linkedin.com/company/mosaicdigital/about/,3,Website found through targeted web search
61c6d907e4b041b4edd51037,AARMART ECOMMERCE LLP,https://www.dnb.com/business-directory/company-profiles.aarmart_ecommerce_llp.c76bb395980000a5d55cc25579b10b95.html | https://www.indiafilings.com/search/aarmart-ecommerce-llp-AAG-0021 | https://gstserver.com/gst/27ABEFA8674K1ZX/,https://gstserver.com/gst/27ABEFA8674K1ZX/,https://gstserver.com/gst/27ABEFA8674K1ZX/,OFFICIAL_WEBSITE_FOUND,"""AARMART ECOMMERCE LLP"" ""official website"" | ""AARMART ECOMMERCE LLP"" website | ""AARMART ECOMMERCE LLP"" Nagpur website | ""AARMART ECOMMERCE LLP"" Maharashtra website | ""AARMART ECOMMERCE LLP"" contact | ""AARMART ECOMMERCE LLP"" ""www."" | ""AARMART ECOMMERCE LLP"" ""https://""",info@gstserver.com,"6569559511, 6666666666, 6666666667, 7807927896, 7870481131, 7870481147, 7870481148, 8333333333, 8488581189, 8584646778, 9166666666, 9947772923",,4,Website found through targeted web search
6151a1e4e4b05667f1175a1f,HUMEN EDUTECH LLP,https://www.companydetails.in/company/humen-edutech-llp | https://www.indiafilings.com/search/humen-edutech-llp-AAY-0739 | https://www.filesure.in/company/humen-edutech-llp/AAY-0739?tab=about | https://www.ynos.in/startup/humen-edutech-llp-408856 | https://www.easyleadz.com/company/humen-edutech-llp-AAY-0739,https://www.filesure.in/company/humen-edutech-llp/AAY-0739?tab=about | https://www.ynos.in/startup/humen-edutech-llp-408856 | https://www.easyleadz.com/company/humen-edutech-llp-AAY-0739,https://www.ynos.in/startup/humen-edutech-llp-408856,OFFICIAL_WEBSITE_FOUND,"""HUMEN EDUTECH LLP"" ""official website"" | ""HUMEN EDUTECH LLP"" website | ""HUMEN EDUTECH LLP"" Nagpur website | ""HUMEN EDUTECH LLP"" Maharashtra website | ""HUMEN EDUTECH LLP"" contact | ""HUMEN EDUTECH LLP"" ""www."" | ""HUMEN EDUTECH LLP"" ""https://""",sales@ynos.in,"+917200268547, 6245057452, 6975667036, 7510279258, 7870481456, 7870481473, 8831278069, 9168708128, 9173584318, 9185671586",https://www.linkedin.com/company/ynos-venture-engine/,3,Website found through targeted web search
5e4537bde4b0bf8415cf2b7c,BETTER ROBOTICS PRIVATE LIMITED,https://www.companydetails.in/company/better-robotics-private-limited | https://buysellprivatelimited.com/company/better-robotics-private-limited/U29306MH2019PTC333752 | https://www.indiafilings.com/search/better-robotics-private-limited-cin-U29306MH2019PTC333752 | https://www.instafinancials.com/company/better-robotics-private-limited-U29306MH2019PTC333752 | https://qorpiq.com/company/better-robotics-private-limited/U29306MH2019PTC333752 | https://www.credhive.in/ind/corporate/U29306MH2019PTC333752/BETTER%2520ROBOTICS%2520PRIVATE%2520LIMITED/overview | https://paperli.ai/company/better-robotics-private-limited-U29306MH2019PTC333752 | https://corpintel.io/BETTER-ROBOTICS-PRIVATE-LIMITED-U29306MH2019PTC333752 | https://www.companydetails.in/company/better-robotics-private-limited/contact | https://mycorporateinfo.com/business/better-robotics-private-limited | https://cleartax.in/f/company/better-robotics-private-limited/U29306MH2019PTC333752/,https://paperli.ai/company/better-robotics-private-limited-U29306MH2019PTC333752 | https://www.credhive.in/ind/corporate/U29306MH2019PTC333752/BETTER%2520ROBOTICS%2520PRIVATE%2520LIMITED/overview | https://mycorporateinfo.com/business/better-robotics-private-limited | https://buysellprivatelimited.com/company/better-robotics-private-limited/U29306MH2019PTC333752 | https://cleartax.in/f/company/better-robotics-private-limited/U29306MH2019PTC333752/ | https://qorpiq.com/company/better-robotics-private-limited/U29306MH2019PTC333752,https://paperli.ai/company/better-robotics-private-limited-U29306MH2019PTC333752,OFFICIAL_WEBSITE_FOUND,"""BETTER ROBOTICS PRIVATE LIMITED"" ""official website"" | ""BETTER ROBOTICS PRIVATE LIMITED"" website | ""BETTER ROBOTICS PRIVATE LIMITED"" Nagpur website | ""BETTER ROBOTICS PRIVATE LIMITED"" Maharashtra website | ""BETTER ROBOTICS PRIVATE LIMITED"" contact | ""BETTER ROBOTICS PRIVATE LIMITED"" ""www."" | ""BETTER ROBOTICS PRIVATE LIMITED"" ""https://""",support@paperli.ai,"+91-9988229944, 9988229944",,3,Website found through targeted web search
5abe3d5fe4b026aa2861a9c3,GODIGILER INDIA WEB SOLUTIONS PRIVATE LIMITED,https://www.dnb.com/business-directory/company-profiles.godigiler_india_web_solutions_private_limited.5156ee979480fd5d3e7866e05a4a5bfc.html | https://mycorporateinfo.com/business/godigiler-india-web-solutions-private-limited | https://www.indiafilings.com/search/godigiler-india-web-solutions-private-limited-cin-U74999PN2017PTC171945 | https://info.edgeinsights.in/company/Godigiler-India-Web-Solutions-Private-Limited/137711 | https://www.ynos.in/startup/godigiler-india-web-solutions-private-limited-311672,,,NO_OFFICIAL_WEBSITE_FOUND,"""GODIGILER INDIA WEB SOLUTIONS PRIVATE LIMITED"" ""official website"" | ""GODIGILER INDIA WEB SOLUTIONS PRIVATE LIMITED"" website | ""GODIGILER INDIA WEB SOLUTIONS PRIVATE LIMITED"" Nagpur website | ""GODIGILER INDIA WEB SOLUTIONS PRIVATE LIMITED"" Maharashtra website | ""GODIGILER INDIA WEB SOLUTIONS PRIVATE LIMITED"" contact | ""GODIGILER INDIA WEB SOLUTIONS PRIVATE LIMITED"" ""www."" | ""GODIGILER INDIA WEB SOLUTIONS PRIVATE LIMITED"" ""https://""",,,,0,Search completed but no official website could be confidently verified
5abe3999e4b026aa2861a458,MILLENNIA AHEAD TECHNOLOGIES PRIVATE LIMITED,https://www.dnb.com/business-directory/company-profiles.millennia_ahead_technologies_private_limited.155a9756049891acb8bcdfde936a77ba.html | https://www.companydetails.in/company/millennia-ahead-technologies-private-limited | https://economictimes.indiatimes.com/company/millennia-ahead-technologies-private-limited/U74999MH2017PTC295541 | https://www.indiafilings.com/search/millennia-ahead-technologies-private-limited-cin-U74999MH2017PTC295541 | https://www.infyner.com/company/millennia-ahead-technologies-private-limited/U74999MH2017PTC295541 | https://www.infoqik.com/company/u74999mh2017ptc295541/millennia-ahead-technologies-private-limited.html | https://www.instafinancials.com/company/millennia-ahead-technologies-private-limited/U74999MH2017PTC295541/contact-us.html | https://cleartax.in/f/company/millennia-ahead-technologies-private-limited/U74999MH2017PTC295541/ | https://www.instafinancials.com/company/millennia-ahead-technologies-private-limited-U74999MH2017PTC295541/company-overview,https://www.infoqik.com/company/u74999mh2017ptc295541/millennia-ahead-technologies-private-limited.html | https://www.infyner.com/company/millennia-ahead-technologies-private-limited/U74999MH2017PTC295541 | https://infomint.co.in/companies/millennia-ahead-technologies-private-limited/U74999MH2017PTC295541/roc-mumbai/maharashtra/ | https://cleartax.in/f/company/millennia-ahead-technologies-private-limited/U74999MH2017PTC295541/,https://www.infoqik.com/company/u74999mh2017ptc295541/millennia-ahead-technologies-private-limited.html,OFFICIAL_WEBSITE_FOUND,"""MILLENNIA AHEAD TECHNOLOGIES PRIVATE LIMITED"" ""official website"" | ""MILLENNIA AHEAD TECHNOLOGIES PRIVATE LIMITED"" website | ""MILLENNIA AHEAD TECHNOLOGIES PRIVATE LIMITED"" Nagpur website | ""MILLENNIA AHEAD TECHNOLOGIES PRIVATE LIMITED"" Maharashtra website | ""MILLENNIA AHEAD TECHNOLOGIES PRIVATE LIMITED"" contact | ""MILLENNIA AHEAD TECHNOLOGIES PRIVATE LIMITED"" ""www."" | ""MILLENNIA AHEAD TECHNOLOGIES PRIVATE LIMITED"" ""https://""",praveen.aeenterprises@gmail.com,"6444316941, 7032789815, 7715005569, 7817915094, 7870482305, 7870482309, 9184966835",,1,Website found through targeted web search
59770a62e4b02e027ba9be47,EPIONE HEALTHCARE PRIVATE LIMITED,https://economictimes.indiatimes.com/company/epione-healthcare-private-limited/U85200MH2017PTC297331 | https://www.companydetails.in/company/epione-healthcare-private-limited | https://www.instafinancials.com/company/epione-healthcare-private-limited-U85200MH2017PTC297331/index.html | https://www.instafinancials.com/company/epione-healthcare-private-limited/U85200MH2017PTC297331/about-us.html | https://qorpiq.com/company/epione-healthcare-private-limited/U85200MH2017PTC297331 | https://www.fixhealth.com/contact-us | https://paperli.ai/company/epione-healthcare-private-limited-U85200MH2017PTC297331 | https://corporatedir.com/company/epione-healthcare-private-limited | https://corpintel.io/EPIONE-HEALTHCARE-PRIVATE-LIMITED-U85200MH2017PTC297331,https://paperli.ai/company/epione-healthcare-private-limited-U85200MH2017PTC297331 | https://www.fixhealth.com/contact-us | https://qorpiq.com/company/epione-healthcare-private-limited/U85200MH2017PTC297331 | https://corpintel.io/EPIONE-HEALTHCARE-PRIVATE-LIMITED-U85200MH2017PTC297331,https://paperli.ai/company/epione-healthcare-private-limited-U85200MH2017PTC297331,OFFICIAL_WEBSITE_FOUND,"""EPIONE HEALTHCARE PRIVATE LIMITED"" ""official website"" | ""EPIONE HEALTHCARE PRIVATE LIMITED"" website | ""EPIONE HEALTHCARE PRIVATE LIMITED"" Nagpur website | ""EPIONE HEALTHCARE PRIVATE LIMITED"" Maharashtra website | ""EPIONE HEALTHCARE PRIVATE LIMITED"" contact | ""EPIONE HEALTHCARE PRIVATE LIMITED"" ""www."" | ""EPIONE HEALTHCARE PRIVATE LIMITED"" ""https://""",support@paperli.ai,"+91-9988229944, 9988229944",,3,Website found through targeted web search
